{
	"id": "ca0de940-c0ce-bcf8-bb35-1de8b120ae6f",
	"name": "microservice",
	"description": "",
	"order": [
		"05f0c937-9d8f-5301-ea62-e564d67b4536",
		"4f868043-4c3a-0aa9-4afb-fb9e9749d7dd",
		"42facc93-e4a0-9923-3990-e816c59de669",
		"2be66e54-1d1e-33bf-d6b8-2cd520d8f6e9",
		"777c8fc8-c8ef-1f0a-f02c-750909b17bbe"
	],
	"folders": [],
	"folders_order": [],
	"timestamp": 1593517411187,
	"owner": "8974489",
	"public": false,
	"requests": [
		{
			"id": "05f0c937-9d8f-5301-ea62-e564d67b4536",
			"headers": "Content-Type: application/json\nauthorization: eyJhbGciOiJIUzI1NiIsInR5cCI6IkpXVCJ9.eyJ1c2VyIjoiYWRtaW4iLCJpYXQiOjE1OTM0OTg3MjZ9.ghZKsXtaiop5c-gUiTCZ6owbVG39Lstey7060ZJYSwM\n",
			"headerData": [
				{
					"key": "Content-Type",
					"value": "application/json",
					"description": "",
					"enabled": true
				},
				{
					"key": "authorization",
					"value": "eyJhbGciOiJIUzI1NiIsInR5cCI6IkpXVCJ9.eyJ1c2VyIjoiYWRtaW4iLCJpYXQiOjE1OTM0OTg3MjZ9.ghZKsXtaiop5c-gUiTCZ6owbVG39Lstey7060ZJYSwM",
					"description": "",
					"enabled": true
				}
			],
			"url": "http://localhost:4000/api/v1/users",
			"queryParams": [],
			"pathVariables": {},
			"pathVariableData": [],
			"preRequestScript": null,
			"method": "GET",
			"collectionId": "ca0de940-c0ce-bcf8-bb35-1de8b120ae6f",
			"data": [],
			"dataMode": "raw",
			"name": "List User",
			"description": "",
			"descriptionFormat": "html",
			"time": 1593517441721,
			"version": 2,
			"responses": [],
			"tests": null,
			"currentHelper": "normal",
			"helperAttributes": {},
			"rawModeData": "{\r\n\"name\":\"bala\",\r\n\"password\":\"bala\"\r\n}"
		},
		{
			"id": "2be66e54-1d1e-33bf-d6b8-2cd520d8f6e9",
			"headers": "Content-Type: application/json\nauthorization: eyJhbGciOiJIUzI1NiIsInR5cCI6IkpXVCJ9.eyJ1c2VyIjoiYmFsYSIsImlhdCI6MTU5MzUxNDk5N30.KLkIo-vQsw5Uf4zrtYPvxOLNfQNCqDFgvqeP0JPieek\n",
			"headerData": [
				{
					"key": "Content-Type",
					"value": "application/json",
					"description": "",
					"enabled": true
				},
				{
					"key": "authorization",
					"value": "eyJhbGciOiJIUzI1NiIsInR5cCI6IkpXVCJ9.eyJ1c2VyIjoiYmFsYSIsImlhdCI6MTU5MzUxNDk5N30.KLkIo-vQsw5Uf4zrtYPvxOLNfQNCqDFgvqeP0JPieek",
					"description": "",
					"enabled": true
				}
			],
			"url": "http://localhost:4001/api/v1/products",
			"queryParams": [],
			"pathVariables": {},
			"pathVariableData": [],
			"preRequestScript": null,
			"method": "POST",
			"collectionId": "ca0de940-c0ce-bcf8-bb35-1de8b120ae6f",
			"data": [],
			"dataMode": "raw",
			"name": "Create Products",
			"description": "",
			"descriptionFormat": "html",
			"time": 1593517517084,
			"version": 2,
			"responses": [],
			"tests": null,
			"currentHelper": "normal",
			"helperAttributes": {},
			"rawModeData": "{\n\"name\":\"Apple\",\n\"price\":50,\n\"quantity\":100\n}"
		},
		{
			"id": "42facc93-e4a0-9923-3990-e816c59de669",
			"headers": "//Authorization: Basic YXV0aG9yaXphdGlvbjphZGRqc29ud2VidG9rZW5zZWNyZXRoZXJlbGlrZVF1aXNjdXN0b2RpZXRpcHNvc2N1c3RvZGVz\nContent-Type: application/json\n",
			"headerData": [
				{
					"key": "Authorization",
					"value": "Basic YXV0aG9yaXphdGlvbjphZGRqc29ud2VidG9rZW5zZWNyZXRoZXJlbGlrZVF1aXNjdXN0b2RpZXRpcHNvc2N1c3RvZGVz",
					"description": "",
					"enabled": false
				},
				{
					"key": "Content-Type",
					"value": "application/json",
					"description": "",
					"enabled": true
				}
			],
			"url": "http://localhost:4000/api/v1/login",
			"queryParams": [],
			"pathVariables": {},
			"pathVariableData": [],
			"preRequestScript": null,
			"method": "POST",
			"collectionId": "ca0de940-c0ce-bcf8-bb35-1de8b120ae6f",
			"data": [],
			"dataMode": "raw",
			"name": "User Login",
			"description": "",
			"descriptionFormat": "html",
			"time": 1593517502116,
			"version": 2,
			"responses": [],
			"tests": null,
			"currentHelper": "normal",
			"helperAttributes": {},
			"rawModeData": "{\n\t\"name\":\"bala\",\n\t\"password\":\"bala\"\n}"
		},
		{
			"id": "4f868043-4c3a-0aa9-4afb-fb9e9749d7dd",
			"headers": "Content-Type: application/json\nAuthorization: Basic dGVzdDoxMjM=\n",
			"headerData": [
				{
					"key": "Content-Type",
					"value": "application/json",
					"description": "",
					"enabled": true
				},
				{
					"key": "Authorization",
					"value": "Basic dGVzdDoxMjM=",
					"description": "",
					"enabled": true
				}
			],
			"url": "http://localhost:4000/api/v1/users",
			"queryParams": [],
			"pathVariables": {},
			"pathVariableData": [],
			"preRequestScript": null,
			"method": "POST",
			"collectionId": "ca0de940-c0ce-bcf8-bb35-1de8b120ae6f",
			"data": [],
			"dataMode": "raw",
			"name": "Create User",
			"description": "",
			"descriptionFormat": "html",
			"time": 1593517486675,
			"version": 2,
			"responses": [],
			"tests": null,
			"currentHelper": "normal",
			"helperAttributes": {},
			"rawModeData": "{\n\"name\":\"bala\",\n\"email\":\"bala@gmai.com\",\n\"password\":\"bala\",\n\"role\":\"staff\"\n}"
		},
		{
			"id": "777c8fc8-c8ef-1f0a-f02c-750909b17bbe",
			"headers": "authorization: eyJhbGciOiJIUzI1NiIsInR5cCI6IkpXVCJ9.eyJ1c2VyIjoiYmFsYSIsImlhdCI6MTU5MzUwNjc0M30.C9LIV-MME-ChKl9kVJ2unvHcT2_S7trsUC5VAYt1VD4\n",
			"headerData": [
				{
					"key": "authorization",
					"value": "eyJhbGciOiJIUzI1NiIsInR5cCI6IkpXVCJ9.eyJ1c2VyIjoiYmFsYSIsImlhdCI6MTU5MzUwNjc0M30.C9LIV-MME-ChKl9kVJ2unvHcT2_S7trsUC5VAYt1VD4",
					"description": "",
					"enabled": true
				}
			],
			"url": "http://localhost:4001/api/v1/products",
			"queryParams": [],
			"pathVariables": {},
			"pathVariableData": [],
			"preRequestScript": null,
			"method": "GET",
			"collectionId": "ca0de940-c0ce-bcf8-bb35-1de8b120ae6f",
			"data": null,
			"dataMode": "params",
			"name": "Product List",
			"description": "",
			"descriptionFormat": "html",
			"time": 1593517530020,
			"version": 2,
			"responses": [],
			"tests": null,
			"currentHelper": "normal",
			"helperAttributes": {}
		}
	]
}